tournament_name,tournament_date,round,winner_name,loser_name,score
Doha,2000.01.03,Finals,Fabrice Santoro,Rainer Schuettler,36-75-30-(RET)
Doha,2000.01.03,Semi-Finals,Fabrice Santoro,Nicolas Kiefer,36-75-30-(RET)
Doha,2000.01.03,Semi-Finals,Rainer Schuettler,Younes El Aynaoui,673-64-64
Doha,2000.01.03,Quarter-Finals,Nicolas Kiefer,Sjeng Schalken,36-75-30-(RET)
Doha,2000.01.03,Quarter-Finals,Fabrice Santoro,George Bastl,673-64-64
Doha,2000.01.03,Quarter-Finals,Younes El Aynaoui,Mikael Tillstrom,62-64
Doha,2000.01.03,Quarter-Finals,Rainer Schuettler,Max Mirnyi,63-62
Doha,2000.01.03,Round of 16,Nicolas Kiefer,Cristiano Caratti,36-75-30-(RET)
Doha,2000.01.03,Round of 16,Fabrice Santoro,John van Lottum,673-64-64
Doha,2000.01.03,Round of 16,Younes El Aynaoui,Gaston Gaudio,62-64
Doha,2000.01.03,Round of 16,Rainer Schuettler,Daniel Vacek,63-62
Doha,2000.01.03,Round of 16,Sjeng Schalken,Franco Squillari,769-61
Doha,2000.01.03,Round of 16,George Bastl,Alberto Berasategui,63-62
Doha,2000.01.03,Round of 16,Max Mirnyi,Juan Antonio Marin,63-61
Doha,2000.01.03,Round of 16,Mikael Tillstrom,Andrei Cherkasov,765-64
Doha,2000.01.03,Round of 32,Nicolas Kiefer,Jeff Tarango,36-75-30-(RET)
Doha,2000.01.03,Round of 32,Juan Antonio Marin,Felix Mantilla,673-64-64
Doha,2000.01.03,Round of 32,Fabrice Santoro,Lars Burgsmuller,62-64
Doha,2000.01.03,Round of 32,Younes El Aynaoui,Antony Dupuis,63-62
Doha,2000.01.03,Round of 32,Andrei Cherkasov,Hicham Arazi,769-61
Doha,2000.01.03,Round of 32,George Bastl,Jiri Novak,63-62
Doha,2000.01.03,Round of 32,Daniel Vacek,Fernando Vicente,63-61
Doha,2000.01.03,Round of 32,Sjeng Schalken,Jacobo Diaz,765-64
Doha,2000.01.03,Round of 32,Alberto Berasategui,Sultan Khalfan,61-(RET)
Doha,2000.01.03,Round of 32,Cristiano Caratti,Ivo Heuberger,46-63-62
Doha,2000.01.03,Round of 32,Gaston Gaudio,Petr Luxa,62-75
Doha,2000.01.03,Round of 32,Max Mirnyi,Mariano Puerta,75-64
Doha,2000.01.03,Round of 32,Rainer Schuettler,Javier Sanchez,764-46-64
Doha,2000.01.03,Round of 32,Franco Squillari,Jan Siemerink,75-62
Doha,2000.01.03,Round of 32,Mikael Tillstrom,Goran Ivanisevic,62-64
Doha,2000.01.03,Round of 32,John van Lottum,Galo Blanco,64-01-(RET)
Chennai,2000.01.03,Finals,Jerome Golmard,Markus Hantschk,63-676-63
Chennai,2000.01.03,Semi-Finals,Markus Hantschk,Cedric Pioline,63-676-63
Chennai,2000.01.03,Semi-Finals,Jerome Golmard,Martin Damm,36-63-63
Chennai,2000.01.03,Quarter-Finals,Cedric Pioline,Davide Sanguinetti,63-676-63
Chennai,2000.01.03,Quarter-Finals,Jerome Golmard,Jamie Delgado,36-63-63
Chennai,2000.01.03,Quarter-Finals,Martin Damm,Lorenzo Manta,63-64
Chennai,2000.01.03,Quarter-Finals,Markus Hantschk,Tuomas Ketola,57-75-62
Chennai,2000.01.03,Round of 16,Cedric Pioline,Leander Paes,63-676-63
Chennai,2000.01.03,Round of 16,Jerome Golmard,Fredrik Jonsson,36-63-63
Chennai,2000.01.03,Round of 16,Martin Damm,Ronald Agenor,63-64
Chennai,2000.01.03,Round of 16,Davide Sanguinetti,Andreas Vinciguerra,57-75-62
Chennai,2000.01.03,Round of 16,Jamie Delgado,Orlin Stanoytchev,62-63
Chennai,2000.01.03,Round of 16,Markus Hantschk,Tomas Behrend,26-75-63
Chennai,2000.01.03,Round of 16,Tuomas Ketola,Jiri Vanek,63-46-63
Chennai,2000.01.03,Round of 16,Lorenzo Manta,Michal Tabara,64-63
Chennai,2000.01.03,Round of 32,Michal Tabara,Yevgeny Kafelnikov,63-676-63
Chennai,2000.01.03,Round of 32,Cedric Pioline,Andy Ram,36-63-63
Chennai,2000.01.03,Round of 32,Jerome Golmard,Martin Spottl,63-64
Chennai,2000.01.03,Round of 32,Jamie Delgado,Byron Black,57-75-62
Chennai,2000.01.03,Round of 32,Markus Hantschk,Laurence Tieleman,62-63
Chennai,2000.01.03,Round of 32,Ronald Agenor,Sunil Kumar,26-75-63
Chennai,2000.01.03,Round of 32,Andreas Vinciguerra,Alex Lopez Moron,63-46-63
Chennai,2000.01.03,Round of 32,Tomas Behrend,Alexander Popp,64-63
Chennai,2000.01.03,Round of 32,Martin Damm,Christophe Rochus,63-61
Chennai,2000.01.03,Round of 32,Fredrik Jonsson,Jan Kroslak,62-764
Chennai,2000.01.03,Round of 32,Tuomas Ketola,Oleg Ogorodov,64-64
Chennai,2000.01.03,Round of 32,Lorenzo Manta,Tomas Zib,64-46-61
Chennai,2000.01.03,Round of 32,Leander Paes,Julien Boutter,63-63
Chennai,2000.01.03,Round of 32,Davide Sanguinetti,Adrian Voinea,75-62
Chennai,2000.01.03,Round of 32,Orlin Stanoytchev,Paul Kilderry,767-64
Chennai,2000.01.03,Round of 32,Jiri Vanek,Yaoki Ishii,63-64
Adelaide,2000.01.03,Finals,Lleyton Hewitt,Thomas Enqvist,36-63-62
Adelaide,2000.01.03,Semi-Finals,Thomas Enqvist,Magnus Norman,36-63-62
Adelaide,2000.01.03,Semi-Finals,Lleyton Hewitt,Nicolas Escude,36-61-64
Adelaide,2000.01.03,Quarter-Finals,Thomas Enqvist,Sebastien Grosjean,36-63-62
Adelaide,2000.01.03,Quarter-Finals,Nicolas Escude,Tim Henman,36-61-64
Adelaide,2000.01.03,Quarter-Finals,Magnus Norman,Alberto Martin,63-61
Adelaide,2000.01.03,Quarter-Finals,Lleyton Hewitt,Jason Stoltenberg,62-62
Adelaide,2000.01.03,Round of 16,Thomas Enqvist,Roger Federer,36-63-62
Adelaide,2000.01.03,Round of 16,Tim Henman,Jean-Rene Lisnard,36-61-64
Adelaide,2000.01.03,Round of 16,Magnus Norman,Richard Fromberg,63-61
Adelaide,2000.01.03,Round of 16,Lleyton Hewitt,Dejan Petrovic,62-62
Adelaide,2000.01.03,Round of 16,Sebastien Grosjean,Jan-Michael Gambill,36-64-62
Adelaide,2000.01.03,Round of 16,Nicolas Escude,Slava Dosedel,60-62
Adelaide,2000.01.03,Round of 16,Alberto Martin,James Sekulov,765-64
Adelaide,2000.01.03,Round of 16,Jason Stoltenberg,Christian Vinck,36-64-64
Adelaide,2000.01.03,Round of 32,Thomas Enqvist,Arnaud Clement,36-63-62
Adelaide,2000.01.03,Round of 32,Tim Henman,Juan Balcells,36-61-64
Adelaide,2000.01.03,Round of 32,Magnus Norman,Scott Draper,63-61
Adelaide,2000.01.03,Round of 32,Jason Stoltenberg,Dominik Hrbaty,62-62
Adelaide,2000.01.03,Round of 32,Alberto Martin,Vincent Spadea,36-64-62
Adelaide,2000.01.03,Round of 32,Lleyton Hewitt,Mark Woodforde,60-62
Adelaide,2000.01.03,Round of 32,Sebastien Grosjean,Andrew Ilie,765-64
Adelaide,2000.01.03,Round of 32,Nicolas Escude,Paul Baccanello,36-64-64
Adelaide,2000.01.03,Round of 32,Slava Dosedel,Ivan Ljubicic,64-764
Adelaide,2000.01.03,Round of 32,Roger Federer,Jens Knippschild,63-61
Adelaide,2000.01.03,Round of 32,Richard Fromberg,Todd Woodbridge,63-26-61
Adelaide,2000.01.03,Round of 32,Jan-Michael Gambill,Wayne Arthurs,675-75-63
Adelaide,2000.01.03,Round of 32,Jean-Rene Lisnard,Michael Tebbutt,61-64
Adelaide,2000.01.03,Round of 32,Dejan Petrovic,Stephane Huet,36-765-64
Adelaide,2000.01.03,Round of 32,James Sekulov,Gianluca Pozzi,36-63-63
Adelaide,2000.01.03,Round of 32,Christian Vinck,Paul Goldstein,36-63-64
Auckland,2000.01.10,Finals,Magnus Norman,Michael Chang,36-63-75
Auckland,2000.01.10,Semi-Finals,Magnus Norman,Gaston Gaudio,36-63-75
Auckland,2000.01.10,Semi-Finals,Michael Chang,Juan Balcells,63-36-62
Auckland,2000.01.10,Quarter-Finals,Magnus Norman,Marc Rosset,36-63-75
Auckland,2000.01.10,Quarter-Finals,Gaston Gaudio,Sjeng Schalken,63-36-62
Auckland,2000.01.10,Quarter-Finals,Juan Balcells,Juan Carlos Ferrero,61-62
Auckland,2000.01.10,Quarter-Finals,Michael Chang,Magnus Gustafsson,75-36-10-(RET)
Auckland,2000.01.10,Round of 16,Juan Balcells,Tommy Haas,36-63-75
Auckland,2000.01.10,Round of 16,Magnus Norman,Jan-Michael Gambill,63-36-62
Auckland,2000.01.10,Round of 16,Gaston Gaudio,Jiri Novak,61-62
Auckland,2000.01.10,Round of 16,Magnus Gustafsson,Thomas Johansson,75-36-10-(RET)
Auckland,2000.01.10,Round of 16,Sjeng Schalken,Tomas Behrend,63-63
Auckland,2000.01.10,Round of 16,Juan Carlos Ferrero,Alberto Martin,62-63
Auckland,2000.01.10,Round of 16,Marc Rosset,John van Lottum,672-62-64
Auckland,2000.01.10,Round of 16,Michael Chang,Michael Sell,46-64-761
Auckland,2000.01.10,Round of 32,Tommy Haas,Jeff Tarango,36-63-75
Auckland,2000.01.10,Round of 32,Magnus Norman,Francisco Costa,63-36-62
Auckland,2000.01.10,Round of 32,Jiri Novak,Jonas Bjorkman,61-62
Auckland,2000.01.10,Round of 32,Michael Sell,Nicolas Escude,75-36-10-(RET)
Auckland,2000.01.10,Round of 32,Thomas Johansson,Glenn Weiner,63-63
Auckland,2000.01.10,Round of 32,Sjeng Schalken,Goran Ivanisevic,62-63
Auckland,2000.01.10,Round of 32,Juan Carlos Ferrero,Roger Federer,672-62-64
Auckland,2000.01.10,Round of 32,Marc Rosset,Fernando Vicente,46-64-761
Auckland,2000.01.10,Round of 32,Juan Balcells,Franco Squillari,62-75
Auckland,2000.01.10,Round of 32,Tomas Behrend,Markus Hantschk,06-767-61
Auckland,2000.01.10,Round of 32,Michael Chang,Byron Black,61-46-64
Auckland,2000.01.10,Round of 32,Jan-Michael Gambill,Richard Fromberg,64-63
Auckland,2000.01.10,Round of 32,Gaston Gaudio,Sargis Sargsian,62-62
Auckland,2000.01.10,Round of 32,Magnus Gustafsson,Mark Nielsen,46-63-64
Auckland,2000.01.10,Round of 32,Alberto Martin,Alberto Berasategui,64-64
Auckland,2000.01.10,Round of 32,John van Lottum,Chris Woodruff,61-63
Sydney,2000.01.10,Finals,Lleyton Hewitt,Jason Stoltenberg,64-60
Sydney,2000.01.10,Semi-Finals,Lleyton Hewitt,Alex Corretja,64-60
Sydney,2000.01.10,Semi-Finals,Jason Stoltenberg,Ivan Ljubicic,64-62
Sydney,2000.01.10,Quarter-Finals,Jason Stoltenberg,Nicolas Lapentti,64-60
Sydney,2000.01.10,Quarter-Finals,Ivan Ljubicic,Karol Kucera,64-62
Sydney,2000.01.10,Quarter-Finals,Alex Corretja,Slava Dosedel,63-36-75
Sydney,2000.01.10,Quarter-Finals,Lleyton Hewitt,Adrian Voinea,63-64
Sydney,2000.01.10,Round of 16,Nicolas Lapentti,Stefan Koubek,64-60
Sydney,2000.01.10,Round of 16,Ivan Ljubicic,Todd Martin,64-62
Sydney,2000.01.10,Round of 16,Karol Kucera,Arnaud Clement,63-36-75
Sydney,2000.01.10,Round of 16,Jason Stoltenberg,Dominik Hrbaty,63-64
Sydney,2000.01.10,Round of 16,Alex Corretja,Hicham Arazi,7611-64
Sydney,2000.01.10,Round of 16,Slava Dosedel,Andrew Ilie,64-26-64
Sydney,2000.01.10,Round of 16,Lleyton Hewitt,Francisco Clavet,63-75
Sydney,2000.01.10,Round of 16,Adrian Voinea,Daniel Vacek,75-62
Sydney,2000.01.10,Round of 32,Francisco Clavet,Gustavo Kuerten,64-60
Sydney,2000.01.10,Round of 32,Nicolas Lapentti,Younes El Aynaoui,64-62
Sydney,2000.01.10,Round of 32,Todd Martin,Andrei Medvedev,63-36-75
Sydney,2000.01.10,Round of 32,Alex Corretja,Cedric Pioline,63-64
Sydney,2000.01.10,Round of 32,Karol Kucera,Martin Damm,7611-64
Sydney,2000.01.10,Round of 32,Andrew Ilie,Albert Costa,64-26-64
Sydney,2000.01.10,Round of 32,Dominik Hrbaty,Kevin Ullyett,63-75
Sydney,2000.01.10,Round of 32,Adrian Voinea,Vincent Spadea,75-62
Sydney,2000.01.10,Round of 32,Hicham Arazi,Felix Mantilla,36-63-63
Sydney,2000.01.10,Round of 32,Arnaud Clement,Mariano Zabaleta,64-64
Sydney,2000.01.10,Round of 32,Slava Dosedel,Mark Woodforde,36-765-64
Sydney,2000.01.10,Round of 32,Lleyton Hewitt,Sebastien Grosjean,36-765-64
Sydney,2000.01.10,Round of 32,Stefan Koubek,Fernando Meligeni,46-63-64
Sydney,2000.01.10,Round of 32,Ivan Ljubicic,Marat Safin,64-64
Sydney,2000.01.10,Round of 32,Jason Stoltenberg,Jacobo Diaz,674-63-63
Sydney,2000.01.10,Round of 32,Daniel Vacek,Jean-Rene Lisnard,64-767
Melbourne,2000.01.17,Finals,Andre Agassi,Yevgeny Kafelnikov,36-63-62-64
Melbourne,2000.01.17,Semi-Finals,Andre Agassi,Pete Sampras,36-63-62-64
Melbourne,2000.01.17,Semi-Finals,Yevgeny Kafelnikov,Magnus Norman,61-62-64
Melbourne,2000.01.17,Quarter-Finals,Andre Agassi,Hicham Arazi,36-63-62-64
Melbourne,2000.01.17,Quarter-Finals,Yevgeny Kafelnikov,Younes El Aynaoui,61-62-64
Melbourne,2000.01.17,Quarter-Finals,Pete Sampras,Chris Woodruff,60-63-764
Melbourne,2000.01.17,Quarter-Finals,Magnus Norman,Nicolas Kiefer,36-63-61-764
Melbourne,2000.01.17,Round of 16,Andre Agassi,Mark Philippoussis,36-63-62-64
Melbourne,2000.01.17,Round of 16,Yevgeny Kafelnikov,Christophe Rochus,61-62-64
Melbourne,2000.01.17,Round of 16,Pete Sampras,Slava Dosedel,60-63-764
Melbourne,2000.01.17,Round of 16,Nicolas Kiefer,Wayne Ferreira,36-63-61-764
Melbourne,2000.01.17,Round of 16,Chris Woodruff,Tim Henman,61-63-75
Melbourne,2000.01.17,Round of 16,Magnus Norman,Lleyton Hewitt,63-64-62
Melbourne,2000.01.17,Round of 16,Hicham Arazi,Nicolas Escude,63-61-766
Melbourne,2000.01.17,Round of 16,Younes El Aynaoui,Arnaud Clement,36-63-64-36-108
Melbourne,2000.01.17,Round of 32,Andre Agassi,Mariano Zabaleta,36-63-62-64
Melbourne,2000.01.17,Round of 32,Yevgeny Kafelnikov,Stefan Koubek,61-62-64
Melbourne,2000.01.17,Round of 32,Pete Sampras,Wayne Black,60-63-764
Melbourne,2000.01.17,Round of 32,Nicolas Kiefer,Karim Alami,36-63-61-764
Melbourne,2000.01.17,Round of 32,Tim Henman,Sebastien Grosjean,61-63-75
Melbourne,2000.01.17,Round of 32,Magnus Norman,Jonas Bjorkman,63-64-62
Melbourne,2000.01.17,Round of 32,Mark Philippoussis,Andrew Ilie,63-61-766
Melbourne,2000.01.17,Round of 32,Hicham Arazi,Fernando Vicente,36-63-64-36-108
Melbourne,2000.01.17,Round of 32,Arnaud Clement,Roger Federer,63-63-64
Melbourne,2000.01.17,Round of 32,Slava Dosedel,Franco Squillari,63-64-62
Melbourne,2000.01.17,Round of 32,Younes El Aynaoui,Juan Carlos Ferrero,64-64-768
Melbourne,2000.01.17,Round of 32,Nicolas Escude,Andreas Vinciguerra,63-63-62
Melbourne,2000.01.17,Round of 32,Wayne Ferreira,Francisco Clavet,75-62-63
Melbourne,2000.01.17,Round of 32,Lleyton Hewitt,Adrian Voinea,64-64-63
Melbourne,2000.01.17,Round of 32,Christophe Rochus,Max Mirnyi,62-75-63
Melbourne,2000.01.17,Round of 32,Chris Woodruff,Richard Fromberg,61-64-766
Melbourne,2000.01.17,Round of 64,Andre Agassi,Sjeng Schalken,36-63-62-64
Melbourne,2000.01.17,Round of 64,Yevgeny Kafelnikov,Daniel Vacek,61-62-64
Melbourne,2000.01.17,Round of 64,Pete Sampras,Mikael Tillstrom,60-63-764
Melbourne,2000.01.17,Round of 64,Nicolas Kiefer,Tomas Behrend,36-63-61-764
Melbourne,2000.01.17,Round of 64,Arnaud Clement,Nicolas Lapentti,61-63-75
Melbourne,2000.01.17,Round of 64,Fernando Vicente,Todd Martin,63-64-62
Melbourne,2000.01.17,Round of 64,Nicolas Escude,Richard Krajicek,63-61-766
Melbourne,2000.01.17,Round of 64,Younes El Aynaoui,Tommy Haas,36-63-64-36-108
Melbourne,2000.01.17,Round of 64,Tim Henman,Rainer Schuettler,63-63-64
Melbourne,2000.01.17,Round of 64,Magnus Norman,Gianluca Pozzi,63-64-62
Melbourne,2000.01.17,Round of 64,Mark Philippoussis,Raemon Sluiter,64-64-768
Melbourne,2000.01.17,Round of 64,Karim Alami,Michael Llodra,63-63-62
Melbourne,2000.01.17,Round of 64,Hicham Arazi,Fredrik Jonsson,75-62-63
Melbourne,2000.01.17,Round of 64,Jonas Bjorkman,Jiri Vanek,64-64-63
Melbourne,2000.01.17,Round of 64,Wayne Black,Marc Rosset,62-75-63
Melbourne,2000.01.17,Round of 64,Francisco Clavet,Goran Ivanisevic,61-64-766
Melbourne,2000.01.17,Round of 64,Slava Dosedel,Paradorn Srichaphan,63-60-61
Melbourne,2000.01.17,Round of 64,Roger Federer,Jan Kroslak,765-60-62
Melbourne,2000.01.17,Round of 64,Wayne Ferreira,Thomas Johansson,64-26-36-63-75
Melbourne,2000.01.17,Round of 64,Juan Carlos Ferrero,Laurence Tieleman,75-63-63
Melbourne,2000.01.17,Round of 64,Richard Fromberg,Axel Pretzsch,64-63-64
Melbourne,2000.01.17,Round of 64,Sebastien Grosjean,Michael Hill,764-63-62
Melbourne,2000.01.17,Round of 64,Lleyton Hewitt,Alex Corretja,64-36-64-764
Melbourne,2000.01.17,Round of 64,Andrew Ilie,Jiri Novak,765-64-62
Melbourne,2000.01.17,Round of 64,Stefan Koubek,Grant Stafford,761-62-63
Melbourne,2000.01.17,Round of 64,Max Mirnyi,Antony Dupuis,765-64-57-675-64
Melbourne,2000.01.17,Round of 64,Christophe Rochus,Kevin Ullyett,46-61-763-60
Melbourne,2000.01.17,Round of 64,Franco Squillari,Mark Woodforde,63-765-674-64
Melbourne,2000.01.17,Round of 64,Andreas Vinciguerra,Leander Paes,673-766-765-765
Melbourne,2000.01.17,Round of 64,Adrian Voinea,Albert Portas,64-763-36-64
Melbourne,2000.01.17,Round of 64,Chris Woodruff,James Sekulov,62-61-63
Melbourne,2000.01.17,Round of 64,Mariano Zabaleta,Todd Woodbridge,766-46-61-64
Melbourne,2000.01.17,Round of 128,Andre Agassi,Mariano Puerta,36-63-62-64
Melbourne,2000.01.17,Round of 128,Yevgeny Kafelnikov,Jens Knippschild,61-62-64
Melbourne,2000.01.17,Round of 128,Pete Sampras,Wayne Arthurs,60-63-764
Melbourne,2000.01.17,Round of 128,Nicolas Kiefer,Guillermo Canas,36-63-61-764
Melbourne,2000.01.17,Round of 128,Albert Portas,Gustavo Kuerten,61-63-75
Melbourne,2000.01.17,Round of 128,Richard Fromberg,Thomas Enqvist,63-64-62
Melbourne,2000.01.17,Round of 128,Nicolas Lapentti,Andrei Medvedev,63-61-766
Melbourne,2000.01.17,Round of 128,Todd Martin,Byron Black,36-63-64-36-108
Melbourne,2000.01.17,Round of 128,Richard Krajicek,Fabrice Santoro,63-63-64
Melbourne,2000.01.17,Round of 128,Tommy Haas,Cyril Saulnier,63-64-62
Melbourne,2000.01.17,Round of 128,Tim Henman,Jerome Golmard,64-64-768
Melbourne,2000.01.17,Round of 128,Magnus Norman,Cecil Mamiit,63-63-62
Melbourne,2000.01.17,Round of 128,Goran Ivanisevic,Cedric Pioline,75-62-63
Melbourne,2000.01.17,Round of 128,Paradorn Srichaphan,Karol Kucera,64-64-63
Melbourne,2000.01.17,Round of 128,Christophe Rochus,Albert Costa,62-75-63
Melbourne,2000.01.17,Round of 128,Mark Philippoussis,Noam Okun,61-64-766
Melbourne,2000.01.17,Round of 128,Karim Alami,Lorenzo Manta,63-60-61
Melbourne,2000.01.17,Round of 128,Hicham Arazi,Julian Alonso,765-60-62
Melbourne,2000.01.17,Round of 128,Tomas Behrend,Fernando Meligeni,64-26-36-63-75
Melbourne,2000.01.17,Round of 128,Jonas Bjorkman,Jason Stoltenberg,75-63-63
Melbourne,2000.01.17,Round of 128,Wayne Black,Jan-Michael Gambill,64-63-64
Melbourne,2000.01.17,Round of 128,Francisco Clavet,Dominik Hrbaty,764-63-62
Melbourne,2000.01.17,Round of 128,Arnaud Clement,John van Lottum,64-36-64-764
Melbourne,2000.01.17,Round of 128,Alex Corretja,Sargis Sargsian,765-64-62
Melbourne,2000.01.17,Round of 128,Slava Dosedel,Julien Boutter,761-62-63
Melbourne,2000.01.17,Round of 128,Antony Dupuis,Martin Rodriguez,765-64-57-675-64
Melbourne,2000.01.17,Round of 128,Younes El Aynaoui,Arvind Parmar,46-61-763-60
Melbourne,2000.01.17,Round of 128,Nicolas Escude,Jim Courier,63-765-674-64
Melbourne,2000.01.17,Round of 128,Roger Federer,Michael Chang,673-766-765-765
Melbourne,2000.01.17,Round of 128,Wayne Ferreira,George Bastl,64-763-36-64
Melbourne,2000.01.17,Round of 128,Juan Carlos Ferrero,Scott Draper,62-61-63
Melbourne,2000.01.17,Round of 128,Sebastien Grosjean,Gouichi Motomura,766-46-61-64
Melbourne,2000.01.17,Round of 128,Lleyton Hewitt,Paul Goldstein,674-64-61-62
Melbourne,2000.01.17,Round of 128,Michael Hill,Bernd Karbacher,46-63-64-64
Melbourne,2000.01.17,Round of 128,Andrew Ilie,Jeff Tarango,64-764-46-36-108
Melbourne,2000.01.17,Round of 128,Thomas Johansson,Nicklas Kulti,57-674-64-62-86
Melbourne,2000.01.17,Round of 128,Fredrik Jonsson,Jacobo Diaz,762-64-46-62
Melbourne,2000.01.17,Round of 128,Stefan Koubek,Rodolphe Cadart,75-64-36-63
Melbourne,2000.01.17,Round of 128,Jan Kroslak,Alex Lopez Moron,62-64-36-63
Melbourne,2000.01.17,Round of 128,Michael Llodra,Gaston Gaudio,64-62-26-36-62
Melbourne,2000.01.17,Round of 128,Max Mirnyi,Ronald Agenor,63-766-62
Melbourne,2000.01.17,Round of 128,Jiri Novak,Markus Hipfl,676-64-64-06-64
Melbourne,2000.01.17,Round of 128,Leander Paes,Dejan Petrovic,36-61-64-763
Melbourne,2000.01.17,Round of 128,Gianluca Pozzi,Tomas Zib,765-64-64
Melbourne,2000.01.17,Round of 128,Axel Pretzsch,Alex O'Brien,64-64-764
Melbourne,2000.01.17,Round of 128,Marc Rosset,Jamie Delgado,674-63-75-61
Melbourne,2000.01.17,Round of 128,Sjeng Schalken,Galo Blanco,63-63-46-762
Melbourne,2000.01.17,Round of 128,Rainer Schuettler,Juan Antonio Marin,63-63-62
Melbourne,2000.01.17,Round of 128,James Sekulov,Ivan Ljubicic,64-62-62
Melbourne,2000.01.17,Round of 128,Raemon Sluiter,Andrea Gaudenzi,61-62-64
Melbourne,2000.01.17,Round of 128,Franco Squillari,Joseph Sirianni,63-57-62-64
Melbourne,2000.01.17,Round of 128,Grant Stafford,Marat Safin,63-63-62
Melbourne,2000.01.17,Round of 128,Laurence Tieleman,Alberto Martin,63-46-63-57-62
Melbourne,2000.01.17,Round of 128,Mikael Tillstrom,Sebastien Lareau,63-767-675-61
Melbourne,2000.01.17,Round of 128,Kevin Ullyett,Michal Tabara,760-63-763
Melbourne,2000.01.17,Round of 128,Daniel Vacek,Orlin Stanoytchev,63-63-63
Melbourne,2000.01.17,Round of 128,Jiri Vanek,Peter Wessels,36-61-36-63-1311
Melbourne,2000.01.17,Round of 128,Fernando Vicente,Alberto Berasategui,764-64-61
Melbourne,2000.01.17,Round of 128,Andreas Vinciguerra,Hernan Gumy,46-64-62-61
Melbourne,2000.01.17,Round of 128,Adrian Voinea,Vincent Spadea,16-764-7611-62
Melbourne,2000.01.17,Round of 128,Todd Woodbridge,Jan Siemerink,60-62-62
Melbourne,2000.01.17,Round of 128,Mark Woodforde,Davide Sanguinetti,761-46-46-63-62
Melbourne,2000.01.17,Round of 128,Chris Woodruff,Martin Damm,63-64-764
Melbourne,2000.01.17,Round of 128,Mariano Zabaleta,Felix Mantilla,61-57-63-765
Dubai,2000.02.07,Finals,Nicolas Kiefer,Juan Carlos Ferrero,75-46-63
Dubai,2000.02.07,Semi-Finals,Nicolas Kiefer,Albert Costa,75-46-63
Dubai,2000.02.07,Semi-Finals,Juan Carlos Ferrero,Karim Alami,763-63
Dubai,2000.02.07,Quarter-Finals,Nicolas Kiefer,Jerome Golmard,75-46-63
Dubai,2000.02.07,Quarter-Finals,Albert Costa,Younes El Aynaoui,763-63
Dubai,2000.02.07,Quarter-Finals,Juan Carlos Ferrero,Felix Mantilla,62-64
Dubai,2000.02.07,Quarter-Finals,Karim Alami,Jiri Novak,64-62
Dubai,2000.02.07,Round of 16,Nicolas Kiefer,Alberto Martin,75-46-63
Dubai,2000.02.07,Round of 16,Juan Carlos Ferrero,Nicolas Lapentti,763-63
Dubai,2000.02.07,Round of 16,Albert Costa,Stefan Koubek,62-64
Dubai,2000.02.07,Round of 16,Younes El Aynaoui,Galo Blanco,64-62
Dubai,2000.02.07,Round of 16,Felix Mantilla,Wayne Black,64-63
Dubai,2000.02.07,Round of 16,Jiri Novak,Hicham Arazi,64-62
Dubai,2000.02.07,Round of 16,Jerome Golmard,Andrei Pavel,64-16-60
Dubai,2000.02.07,Round of 16,Karim Alami,Fernando Vicente,64-36-61
Dubai,2000.02.07,Round of 32,Nicolas Kiefer,Lars Burgsmuller,75-46-63
Dubai,2000.02.07,Round of 32,Karim Alami,Magnus Norman,763-63
Dubai,2000.02.07,Round of 32,Nicolas Lapentti,Oliver Gross,62-64
Dubai,2000.02.07,Round of 32,Albert Costa,Alberto Berasategui,64-62
Dubai,2000.02.07,Round of 32,Younes El Aynaoui,Andrew Ilie,64-63
Dubai,2000.02.07,Round of 32,Felix Mantilla,Byron Black,64-62
Dubai,2000.02.07,Round of 32,Hicham Arazi,Rainer Schuettler,64-16-60
Dubai,2000.02.07,Round of 32,Jerome Golmard,Francisco Clavet,64-36-61
Dubai,2000.02.07,Round of 32,Wayne Black,Daniel Vacek,766-75
Dubai,2000.02.07,Round of 32,Galo Blanco,Sjeng Schalken,64-75
Dubai,2000.02.07,Round of 32,Juan Carlos Ferrero,Martin Damm,766-62
Dubai,2000.02.07,Round of 32,Stefan Koubek,Juan Antonio Marin,64-46-61
Dubai,2000.02.07,Round of 32,Alberto Martin,Jeff Tarango,63-63
Dubai,2000.02.07,Round of 32,Jiri Novak,Emilio Benfele Alvarez,63-62
Dubai,2000.02.07,Round of 32,Andrei Pavel,David Prinosil,63-16-61
Dubai,2000.02.07,Round of 32,Fernando Vicente,Leander Paes,60-46-63
Marseille,2000.02.07,Finals,Marc Rosset,Roger Federer,26-63-765
Marseille,2000.02.07,Semi-Finals,Marc Rosset,Sebastien Grosjean,26-63-765
Marseille,2000.02.07,Semi-Finals,Roger Federer,Fabrice Santoro,764-75
Marseille,2000.02.07,Quarter-Finals,Sebastien Grosjean,Andreas Vinciguerra,26-63-765
Marseille,2000.02.07,Quarter-Finals,Fabrice Santoro,Thierry Guardiola,764-75
Marseille,2000.02.07,Quarter-Finals,Roger Federer,Ivan Ljubicic,64-763
Marseille,2000.02.07,Quarter-Finals,Marc Rosset,Goran Ivanisevic,64-36-62
Marseille,2000.02.07,Round of 16,Ivan Ljubicic,Yevgeny Kafelnikov,26-63-765
Marseille,2000.02.07,Round of 16,Goran Ivanisevic,Thomas Enqvist,764-75
Marseille,2000.02.07,Round of 16,Sebastien Grosjean,Lionel Roux,64-763
Marseille,2000.02.07,Round of 16,Fabrice Santoro,Jan Siemerink,64-36-62
Marseille,2000.02.07,Round of 16,Roger Federer,Thomas Johansson,64-63
Marseille,2000.02.07,Round of 16,Marc Rosset,Arnaud Clement,64-16-62
Marseille,2000.02.07,Round of 16,Thierry Guardiola,Jan Kroslak,64-75
Marseille,2000.02.07,Round of 16,Andreas Vinciguerra,Jacobo Diaz,765-62
Marseille,2000.02.07,Round of 32,Yevgeny Kafelnikov,Gianluca Pozzi,26-63-765
Marseille,2000.02.07,Round of 32,Thomas Enqvist,Albert Portas,764-75
Marseille,2000.02.07,Round of 32,Jan Kroslak,Dominik Hrbaty,64-763
Marseille,2000.02.07,Round of 32,Sebastien Grosjean,Arnaud Di Pasquale,64-36-62
Marseille,2000.02.07,Round of 32,Andreas Vinciguerra,Marat Safin,64-63
Marseille,2000.02.07,Round of 32,Fabrice Santoro,Peter Wessels,64-16-62
Marseille,2000.02.07,Round of 32,Thomas Johansson,George Bastl,64-75
Marseille,2000.02.07,Round of 32,Arnaud Clement,Axel Pretzsch,765-62
Marseille,2000.02.07,Round of 32,Jacobo Diaz,Jonas Bjorkman,75-57-61
Marseille,2000.02.07,Round of 32,Roger Federer,Antony Dupuis,763-61
Marseille,2000.02.07,Round of 32,Thierry Guardiola,Orlin Stanoytchev,75-62
Marseille,2000.02.07,Round of 32,Goran Ivanisevic,Cyril Saulnier,60-46-63
Marseille,2000.02.07,Round of 32,Ivan Ljubicic,Adrian Voinea,64-64
Marseille,2000.02.07,Round of 32,Marc Rosset,Wayne Arthurs,672-7611-60
Marseille,2000.02.07,Round of 32,Lionel Roux,Jens Knippschild,63-63
Marseille,2000.02.07,Round of 32,Jan Siemerink,Guillaume Raoux,764-26-766
San Jose,2000.02.07,Finals,Mark Philippoussis,Mikael Tillstrom,75-46-63
San Jose,2000.02.07,Semi-Finals,Mark Philippoussis,Jim Courier,75-46-63
San Jose,2000.02.07,Semi-Finals,Mikael Tillstrom,Wayne Ferreira,767-26-63
San Jose,2000.02.07,Quarter-Finals,Mark Philippoussis,Justin Gimelstob,75-46-63
San Jose,2000.02.07,Quarter-Finals,Mikael Tillstrom,Michael Chang,767-26-63
San Jose,2000.02.07,Quarter-Finals,Jim Courier,Paul Goldstein,26-63-63
San Jose,2000.02.07,Quarter-Finals,Wayne Ferreira,Magnus Larsson,46-63-64
San Jose,2000.02.07,Round of 16,Mark Philippoussis,Ronald Agenor,75-46-63
San Jose,2000.02.07,Round of 16,Michael Chang,Cecil Mamiit,767-26-63
San Jose,2000.02.07,Round of 16,Jim Courier,Hernan Gumy,26-63-63
San Jose,2000.02.07,Round of 16,Wayne Ferreira,Ville Liukko,46-63-64
San Jose,2000.02.07,Round of 16,Justin Gimelstob,Tomas Zib,62-63
San Jose,2000.02.07,Round of 16,Paul Goldstein,Xavier Malisse,63-63
San Jose,2000.02.07,Round of 16,Magnus Larsson,Mark Woodforde,62-36-75
San Jose,2000.02.07,Round of 16,Mikael Tillstrom,Sargis Sargsian,46-763-64
San Jose,2000.02.07,Round of 32,Mark Philippoussis,Guillermo Canas,75-46-63
San Jose,2000.02.07,Round of 32,Michael Chang,Paradorn Srichaphan,767-26-63
San Jose,2000.02.07,Round of 32,Jim Courier,Eric Taino,26-63-63
San Jose,2000.02.07,Round of 32,Mikael Tillstrom,Franco Squillari,46-63-64
San Jose,2000.02.07,Round of 32,Wayne Ferreira,Jeff Salzenstein,62-63
San Jose,2000.02.07,Round of 32,Justin Gimelstob,Jan-Michael Gambill,63-63
San Jose,2000.02.07,Round of 32,Ronald Agenor,Phillip King,62-36-75
San Jose,2000.02.07,Round of 32,Paul Goldstein,James Blake,46-763-64
San Jose,2000.02.07,Round of 32,Hernan Gumy,Todd Woodbridge,75-64
San Jose,2000.02.07,Round of 32,Magnus Larsson,Martin Rodriguez,75-75
San Jose,2000.02.07,Round of 32,Ville Liukko,Laurence Tieleman,762-62
San Jose,2000.02.07,Round of 32,Xavier Malisse,Richard Fromberg,63-764
San Jose,2000.02.07,Round of 32,Cecil Mamiit,Julian Alonso,62-61
San Jose,2000.02.07,Round of 32,Sargis Sargsian,John van Lottum,765-06-64
San Jose,2000.02.07,Round of 32,Mark Woodforde,Scott Humphries,62-63
San Jose,2000.02.07,Round of 32,Tomas Zib,Nicolas Massu,64-62
Rotterdam,2000.02.14,Finals,Cedric Pioline,Tim Henman,673-64-764
Rotterdam,2000.02.14,Semi-Finals,Tim Henman,Yevgeny Kafelnikov,673-64-764
Rotterdam,2000.02.14,Semi-Finals,Cedric Pioline,Jerome Golmard,63-64
Rotterdam,2000.02.14,Quarter-Finals,Yevgeny Kafelnikov,Greg Rusedski,673-64-764
Rotterdam,2000.02.14,Quarter-Finals,Cedric Pioline,Nicolas Kiefer,63-64
Rotterdam,2000.02.14,Quarter-Finals,Jerome Golmard,Magnus Norman,26-63-75
Rotterdam,2000.02.14,Quarter-Finals,Tim Henman,Dominik Hrbaty,763-62
Rotterdam,2000.02.14,Round of 16,Yevgeny Kafelnikov,Nicolas Escude,673-64-764
Rotterdam,2000.02.14,Round of 16,Nicolas Kiefer,Jiri Novak,63-64
Rotterdam,2000.02.14,Round of 16,Magnus Norman,Peter Wessels,26-63-75
Rotterdam,2000.02.14,Round of 16,Tim Henman,Fabrice Santoro,763-62
Rotterdam,2000.02.14,Round of 16,Greg Rusedski,Filip Dewulf,57-62-763
Rotterdam,2000.02.14,Round of 16,Cedric Pioline,Sebastien Grosjean,62-75
Rotterdam,2000.02.14,Round of 16,Jerome Golmard,Jan Siemerink,765-673-63
Rotterdam,2000.02.14,Round of 16,Dominik Hrbaty,Jonas Bjorkman,763-63
Rotterdam,2000.02.14,Round of 32,Yevgeny Kafelnikov,Nicklas Kulti,673-64-764
Rotterdam,2000.02.14,Round of 32,Nicolas Kiefer,Daniel Vacek,63-64
Rotterdam,2000.02.14,Round of 32,Magnus Norman,Sjeng Schalken,26-63-75
Rotterdam,2000.02.14,Round of 32,Jonas Bjorkman,Nicolas Lapentti,763-62
Rotterdam,2000.02.14,Round of 32,Tim Henman,Alberto Martin,57-62-763
Rotterdam,2000.02.14,Round of 32,Jan Siemerink,Thomas Enqvist,62-75
Rotterdam,2000.02.14,Round of 32,Greg Rusedski,Karol Kucera,765-673-63
Rotterdam,2000.02.14,Round of 32,Cedric Pioline,Adrian Voinea,763-63
Rotterdam,2000.02.14,Round of 32,Filip Dewulf,Goran Ivanisevic,62-64
Rotterdam,2000.02.14,Round of 32,Nicolas Escude,David Prinosil,765-62
Rotterdam,2000.02.14,Round of 32,Jerome Golmard,Mariano Zabaleta,63-765
Rotterdam,2000.02.14,Round of 32,Sebastien Grosjean,Andrei Medvedev,62-63
Rotterdam,2000.02.14,Round of 32,Dominik Hrbaty,Marat Safin,64-61
Rotterdam,2000.02.14,Round of 32,Jiri Novak,Thomas Johansson,75-63
Rotterdam,2000.02.14,Round of 32,Fabrice Santoro,Karim Alami,46-63-62
Rotterdam,2000.02.14,Round of 32,Peter Wessels,Andrei Pavel,64-673-64
Memphis,2000.02.14,Finals,Magnus Larsson,Byron Black,62-16-63
Memphis,2000.02.14,Semi-Finals,Byron Black,Tommy Haas,62-16-63
Memphis,2000.02.14,Semi-Finals,Magnus Larsson,Andre Sa,36-762-64
Memphis,2000.02.14,Quarter-Finals,Tommy Haas,Wayne Ferreira,62-16-63
Memphis,2000.02.14,Quarter-Finals,Byron Black,Michael Chang,36-762-64
Memphis,2000.02.14,Quarter-Finals,Magnus Larsson,Rainer Schuettler,75-62
Memphis,2000.02.14,Quarter-Finals,Andre Sa,Sargis Sargsian,64-64
Memphis,2000.02.14,Round of 16,Magnus Larsson,Mark Philippoussis,62-16-63
Memphis,2000.02.14,Round of 16,Tommy Haas,Mikael Tillstrom,36-762-64
Memphis,2000.02.14,Round of 16,Byron Black,Chris Woodruff,75-62
Memphis,2000.02.14,Round of 16,Michael Chang,Hernan Gumy,64-64
Memphis,2000.02.14,Round of 16,Wayne Ferreira,Cecil Mamiit,62-36-75
Memphis,2000.02.14,Round of 16,Rainer Schuettler,Jan-Michael Gambill,62-60
Memphis,2000.02.14,Round of 16,Sargis Sargsian,Laurence Tieleman,62-16-762
Memphis,2000.02.14,Round of 16,Andre Sa,Richard Fromberg,64-766
Memphis,2000.02.14,Round of 32,Mark Philippoussis,Brian MacPhie,62-16-63
Memphis,2000.02.14,Round of 32,Tommy Haas,Jeff Salzenstein,36-762-64
Memphis,2000.02.14,Round of 32,Andre Sa,Vincent Spadea,75-62
Memphis,2000.02.14,Round of 32,Chris Woodruff,Mark Woodforde,64-64
Memphis,2000.02.14,Round of 32,Michael Chang,Axel Pretzsch,62-36-75
Memphis,2000.02.14,Round of 32,Laurence Tieleman,Jim Courier,62-60
Memphis,2000.02.14,Round of 32,Wayne Ferreira,Alexander Popp,62-16-762
Memphis,2000.02.14,Round of 32,Jan-Michael Gambill,Orlin Stanoytchev,64-766
Memphis,2000.02.14,Round of 32,Rainer Schuettler,Paradorn Srichaphan,62-26-64
Memphis,2000.02.14,Round of 32,Cecil Mamiit,Max Mirnyi,36-75-63
Memphis,2000.02.14,Round of 32,Sargis Sargsian,Harel Levy,762-60
Memphis,2000.02.14,Round of 32,Hernan Gumy,Nicolas Massu,62-63
Memphis,2000.02.14,Round of 32,Byron Black,Martin Rodriguez,762-62
Memphis,2000.02.14,Round of 32,Richard Fromberg,Davide Sanguinetti,75-765
Memphis,2000.02.14,Round of 32,Mikael Tillstrom,Richey Reneberg,26-63-63
Memphis,2000.02.14,Round of 32,Magnus Larsson,Tomas Zib,762-64
Memphis,2000.02.14,Round of 64,Mark Philippoussis,Bye,62-16-63
Memphis,2000.02.14,Round of 64,Tommy Haas,Bye,36-762-64
Memphis,2000.02.14,Round of 64,Vincent Spadea,Bye,75-62
Memphis,2000.02.14,Round of 64,Chris Woodruff,Bye,64-64
Memphis,2000.02.14,Round of 64,Michael Chang,Bye,62-36-75
Memphis,2000.02.14,Round of 64,Jim Courier,Bye,62-60
Memphis,2000.02.14,Round of 64,Wayne Ferreira,Bye,62-16-762
Memphis,2000.02.14,Round of 64,Jan-Michael Gambill,Bye,64-766
Memphis,2000.02.14,Round of 64,Rainer Schuettler,Bye,62-26-64
Memphis,2000.02.14,Round of 64,Max Mirnyi,Bye,36-75-63
Memphis,2000.02.14,Round of 64,Sargis Sargsian,Bye,762-60
Memphis,2000.02.14,Round of 64,Hernan Gumy,Bye,62-63
Memphis,2000.02.14,Round of 64,Byron Black,Bye,762-62
Memphis,2000.02.14,Round of 64,Richard Fromberg,Bye,75-765
Memphis,2000.02.14,Round of 64,Mikael Tillstrom,Bye,26-63-63
Memphis,2000.02.14,Round of 64,Magnus Larsson,Bye,762-64
Memphis,2000.02.14,Round of 64,Harel Levy,James Sekulov,
Memphis,2000.02.14,Round of 64,Brian MacPhie,Lorenzo Manta,
Memphis,2000.02.14,Round of 64,Cecil Mamiit,Luke Jensen,
Memphis,2000.02.14,Round of 64,Nicolas Massu,Gaston Etlis,
Memphis,2000.02.14,Round of 64,Alexander Popp,Tomas Behrend,
Memphis,2000.02.14,Round of 64,Axel Pretzsch,Mark Knowles,
Memphis,2000.02.14,Round of 64,Richey Reneberg,Paul Goldstein,
Memphis,2000.02.14,Round of 64,Martin Rodriguez,Justin Gimelstob,
Memphis,2000.02.14,Round of 64,Andre Sa,Ronald Agenor,63-36-63
Memphis,2000.02.14,Round of 64,Jeff Salzenstein,Fredrik Jonsson,75-61
Memphis,2000.02.14,Round of 64,Davide Sanguinetti,Antony Dupuis,64-63
Memphis,2000.02.14,Round of 64,Paradorn Srichaphan,Cristiano Caratti,764-763
Memphis,2000.02.14,Round of 64,Orlin Stanoytchev,Sebastien Lareau,760-614
Memphis,2000.02.14,Round of 64,Laurence Tieleman,Bob Bryan,46-63-64
Memphis,2000.02.14,Round of 64,Mark Woodforde,Julian Alonso,64-36-63
Memphis,2000.02.14,Round of 64,Tomas Zib,Markus Hantschk,63-762
London,2000.02.21,Finals,Marc Rosset,Yevgeny Kafelnikov,64-64
London,2000.02.21,Semi-Finals,Yevgeny Kafelnikov,Greg Rusedski,64-64
London,2000.02.21,Semi-Finals,Marc Rosset,Thomas Enqvist,75-16-63
London,2000.02.21,Quarter-Finals,Yevgeny Kafelnikov,Fabrice Santoro,64-64
London,2000.02.21,Quarter-Finals,Thomas Enqvist,Cedric Pioline,75-16-63
London,2000.02.21,Quarter-Finals,Greg Rusedski,Mariano Zabaleta,763-46-766
London,2000.02.21,Quarter-Finals,Marc Rosset,Roger Federer,36-64-64
London,2000.02.21,Round of 16,Yevgeny Kafelnikov,Daniel Vacek,64-64
London,2000.02.21,Round of 16,Thomas Enqvist,Karol Kucera,75-16-63
London,2000.02.21,Round of 16,Greg Rusedski,Jerome Golmard,763-46-766
London,2000.02.21,Round of 16,Cedric Pioline,Jeff Tarango,36-64-64
London,2000.02.21,Round of 16,Marc Rosset,Dominik Hrbaty,63-36-64
London,2000.02.21,Round of 16,Fabrice Santoro,Hicham Arazi,63-64
London,2000.02.21,Round of 16,Roger Federer,Goran Ivanisevic,64-62
London,2000.02.21,Round of 16,Mariano Zabaleta,Cyril Saulnier,64-61
London,2000.02.21,Round of 32,Yevgeny Kafelnikov,Andrei Medvedev,64-64
London,2000.02.21,Round of 32,Roger Federer,Nicolas Kiefer,75-16-63
London,2000.02.21,Round of 32,Mariano Zabaleta,Tim Henman,763-46-766
London,2000.02.21,Round of 32,Thomas Enqvist,Adrian Voinea,36-64-64
London,2000.02.21,Round of 32,Greg Rusedski,Arnaud Clement,63-36-64
London,2000.02.21,Round of 32,Cedric Pioline,Alberto Martin,63-64
London,2000.02.21,Round of 32,Dominik Hrbaty,Andrei Pavel,64-62
London,2000.02.21,Round of 32,Hicham Arazi,Jan-Michael Gambill,64-61
London,2000.02.21,Round of 32,Jerome Golmard,Juan Carlos Ferrero,62-63
London,2000.02.21,Round of 32,Goran Ivanisevic,Wayne Black,61-64
London,2000.02.21,Round of 32,Karol Kucera,Jiri Novak,75-765
London,2000.02.21,Round of 32,Marc Rosset,Ivan Ljubicic,64-75
London,2000.02.21,Round of 32,Fabrice Santoro,Marat Safin,75-62
London,2000.02.21,Round of 32,Cyril Saulnier,Rainer Schuettler,64-64
London,2000.02.21,Round of 32,Jeff Tarango,Jonas Bjorkman,64-64
London,2000.02.21,Round of 32,Daniel Vacek,Thomas Johansson,63-62
Mexico City,2000.02.21,Finals,Juan Ignacio Chela,Mariano Puerta,64-764
Mexico City,2000.02.21,Semi-Finals,Juan Ignacio Chela,Stefan Koubek,64-764
Mexico City,2000.02.21,Semi-Finals,Mariano Puerta,Franco Squillari,64-61
Mexico City,2000.02.21,Quarter-Finals,Franco Squillari,Nicolas Lapentti,64-764
Mexico City,2000.02.21,Quarter-Finals,Stefan Koubek,Gaston Gaudio,64-61
Mexico City,2000.02.21,Quarter-Finals,Juan Ignacio Chela,Markus Hantschk,765-64
Mexico City,2000.02.21,Quarter-Finals,Mariano Puerta,Guillermo Canas,62-63
Mexico City,2000.02.21,Round of 16,Juan Ignacio Chela,Gustavo Kuerten,64-764
Mexico City,2000.02.21,Round of 16,Nicolas Lapentti,Sargis Sargsian,64-61
Mexico City,2000.02.21,Round of 16,Guillermo Canas,Fernando Meligeni,765-64
Mexico City,2000.02.21,Round of 16,Stefan Koubek,Richard Fromberg,62-63
Mexico City,2000.02.21,Round of 16,Franco Squillari,Ronald Agenor,75-46-61
Mexico City,2000.02.21,Round of 16,Gaston Gaudio,Alejandro Hernandez,675-64-64
Mexico City,2000.02.21,Round of 16,Markus Hantschk,Orlin Stanoytchev,36-63-63
Mexico City,2000.02.21,Round of 16,Mariano Puerta,Hernan Gumy,64-64
Mexico City,2000.02.21,Round of 32,Gustavo Kuerten,Gaston Etlis,64-764
Mexico City,2000.02.21,Round of 32,Nicolas Lapentti,Bohdan Ulihrach,64-61
Mexico City,2000.02.21,Round of 32,Fernando Meligeni,Sergi Bruguera,765-64
Mexico City,2000.02.21,Round of 32,Stefan Koubek,Albert Portas,62-63
Mexico City,2000.02.21,Round of 32,Gaston Gaudio,Francisco Clavet,75-46-61
Mexico City,2000.02.21,Round of 32,Mariano Puerta,Fernando Vicente,675-64-64
Mexico City,2000.02.21,Round of 32,Franco Squillari,Galo Blanco,36-63-63
Mexico City,2000.02.21,Round of 32,Orlin Stanoytchev,Arnaud Di Pasquale,64-64
Mexico City,2000.02.21,Round of 32,Ronald Agenor,Jacobo Diaz,64-62
Mexico City,2000.02.21,Round of 32,Guillermo Canas,Nicolas Massu,61-63
Mexico City,2000.02.21,Round of 32,Juan Ignacio Chela,Byron Black,75-64
Mexico City,2000.02.21,Round of 32,Richard Fromberg,Andre Sa,61-75
Mexico City,2000.02.21,Round of 32,Hernan Gumy,Antony Dupuis,41-(RET)
Mexico City,2000.02.21,Round of 32,Markus Hantschk,Juan Antonio Marin,46-62-64
Mexico City,2000.02.21,Round of 32,Alejandro Hernandez,Laurence Tieleman,766-36-60
Mexico City,2000.02.21,Round of 32,Sargis Sargsian,Juan Albert Viloca-Puig,36-64-61
Santiago,2000.02.28,Finals,Gustavo Kuerten,Mariano Puerta,763-63
Santiago,2000.02.28,Semi-Finals,Gustavo Kuerten,Albert Portas,763-63
Santiago,2000.02.28,Semi-Finals,Mariano Puerta,Gaston Gaudio,36-64-62
Santiago,2000.02.28,Quarter-Finals,Gustavo Kuerten,Agustin Calleri,763-63
Santiago,2000.02.28,Quarter-Finals,Mariano Puerta,Fernando Vicente,36-64-62
Santiago,2000.02.28,Quarter-Finals,Gaston Gaudio,Bohdan Ulihrach,61-75
Santiago,2000.02.28,Quarter-Finals,Albert Portas,Mariano Hood,64-64
Santiago,2000.02.28,Round of 16,Gustavo Kuerten,Orlin Stanoytchev,763-63
Santiago,2000.02.28,Round of 16,Fernando Vicente,Tomas Zib,36-64-62
Santiago,2000.02.28,Round of 16,Gaston Gaudio,Adrian Garcia,61-75
Santiago,2000.02.28,Round of 16,Agustin Calleri,Emilio Benfele Alvarez,64-64
Santiago,2000.02.28,Round of 16,Mariano Hood,Nicolas Massu,62-62
Santiago,2000.02.28,Round of 16,Albert Portas,Guillermo Canas,676-63-764
Santiago,2000.02.28,Round of 16,Mariano Puerta,Juan Ignacio Chela,64-64
Santiago,2000.02.28,Round of 16,Bohdan Ulihrach,Ronald Agenor,63-16-63
Santiago,2000.02.28,Round of 32,Gustavo Kuerten,Jean-Rene Lisnard,763-63
Santiago,2000.02.28,Round of 32,Bohdan Ulihrach,Marcelo Rios,36-64-62
Santiago,2000.02.28,Round of 32,Nicolas Massu,Fernando Meligeni,61-75
Santiago,2000.02.28,Round of 32,Fernando Vicente,Martin Rodriguez,64-64
Santiago,2000.02.28,Round of 32,Mariano Puerta,Franco Squillari,62-62
Santiago,2000.02.28,Round of 32,Guillermo Canas,Arnaud Di Pasquale,676-63-764
Santiago,2000.02.28,Round of 32,Agustin Calleri,Sargis Sargsian,64-64
Santiago,2000.02.28,Round of 32,Gaston Gaudio,Martin Spottl,63-16-63
Santiago,2000.02.28,Round of 32,Ronald Agenor,Fernando Gonzalez,64-763
Santiago,2000.02.28,Round of 32,Emilio Benfele Alvarez,Jacobo Diaz,64-46-62
Santiago,2000.02.28,Round of 32,Juan Ignacio Chela,Juan Antonio Marin,36-61-64
Santiago,2000.02.28,Round of 32,Adrian Garcia,Galo Blanco,64-764
Santiago,2000.02.28,Round of 32,Mariano Hood,Sergi Bruguera,57-61-63
Santiago,2000.02.28,Round of 32,Albert Portas,Davide Sanguinetti,61-764
Santiago,2000.02.28,Round of 32,Orlin Stanoytchev,Markus Hantschk,62-63
Santiago,2000.02.28,Round of 32,Tomas Zib,Alex Lopez Moron,764-64
Copenhagen,2000.02.28,Finals,Andreas Vinciguerra,Magnus Larsson,63-765
Copenhagen,2000.02.28,Semi-Finals,Andreas Vinciguerra,Marat Safin,63-765
Copenhagen,2000.02.28,Semi-Finals,Magnus Larsson,Roger Federer,63-766
Copenhagen,2000.02.28,Quarter-Finals,Marat Safin,Jonas Bjorkman,63-765
Copenhagen,2000.02.28,Quarter-Finals,Magnus Larsson,Ivan Ljubicic,63-766
Copenhagen,2000.02.28,Quarter-Finals,Roger Federer,Gianluca Pozzi,64-57-64
Copenhagen,2000.02.28,Quarter-Finals,Andreas Vinciguerra,Martin Damm,63-61
Copenhagen,2000.02.28,Round of 16,Marat Safin,Jan Kroslak,63-765
Copenhagen,2000.02.28,Round of 16,Magnus Larsson,Tomas Behrend,63-766
Copenhagen,2000.02.28,Round of 16,Andreas Vinciguerra,Rainer Schuettler,64-57-64
Copenhagen,2000.02.28,Round of 16,Ivan Ljubicic,Goran Ivanisevic,63-61
Copenhagen,2000.02.28,Round of 16,Roger Federer,Fredrik Jonsson,75-61
Copenhagen,2000.02.28,Round of 16,Jonas Bjorkman,Ivo Heuberger,64-36-63
Copenhagen,2000.02.28,Round of 16,Martin Damm,George Bastl,61-765
Copenhagen,2000.02.28,Round of 16,Gianluca Pozzi,Ville Liukko,63-364-64
Copenhagen,2000.02.28,Round of 32,Marat Safin,Sebastien Lareau,63-765
Copenhagen,2000.02.28,Round of 32,Ville Liukko,Thomas Johansson,63-766
Copenhagen,2000.02.28,Round of 32,Magnus Larsson,Wayne Arthurs,64-57-64
Copenhagen,2000.02.28,Round of 32,Rainer Schuettler,Lorenzo Manta,63-61
Copenhagen,2000.02.28,Round of 32,Goran Ivanisevic,David Prinosil,75-61
Copenhagen,2000.02.28,Round of 32,George Bastl,Mikael Tillstrom,64-36-63
Copenhagen,2000.02.28,Round of 32,Roger Federer,Filip Dewulf,61-765
Copenhagen,2000.02.28,Round of 32,Jonas Bjorkman,Antony Dupuis,63-364-64
Copenhagen,2000.02.28,Round of 32,Tomas Behrend,Marc Rosset,36-64-75
Copenhagen,2000.02.28,Round of 32,Martin Damm,Kristian Pless,61-62
Copenhagen,2000.02.28,Round of 32,Ivo Heuberger,Jamie Delgado,61-26-63
Copenhagen,2000.02.28,Round of 32,Fredrik Jonsson,Axel Pretzsch,62-75
Copenhagen,2000.02.28,Round of 32,Jan Kroslak,Adrian Voinea,64-36-63
Copenhagen,2000.02.28,Round of 32,Ivan Ljubicic,Petr Luxa,26-62-62
Copenhagen,2000.02.28,Round of 32,Gianluca Pozzi,Jan Siemerink,676-61-63
Copenhagen,2000.02.28,Round of 32,Andreas Vinciguerra,Christophe Rochus,62-61
Delray Beach,2000.02.28,Finals,Stefan Koubek,Alex Calatrava,61-46-64
Delray Beach,2000.02.28,Semi-Finals,Stefan Koubek,Richard Fromberg,61-46-64
Delray Beach,2000.02.28,Semi-Finals,Alex Calatrava,Paul Goldstein,60-57-763
Delray Beach,2000.02.28,Quarter-Finals,Paul Goldstein,Patrick Rafter,61-46-64
Delray Beach,2000.02.28,Quarter-Finals,Alex Calatrava,Chris Woodruff,60-57-763
Delray Beach,2000.02.28,Quarter-Finals,Stefan Koubek,Andre Sa,677-63-62
Delray Beach,2000.02.28,Quarter-Finals,Richard Fromberg,Justin Gimelstob,46-763-62
Delray Beach,2000.02.28,Round of 16,Patrick Rafter,Markus Hipfl,61-46-64
Delray Beach,2000.02.28,Round of 16,Chris Woodruff,Laurence Tieleman,60-57-763
Delray Beach,2000.02.28,Round of 16,Stefan Koubek,Jan-Michael Gambill,677-63-62
Delray Beach,2000.02.28,Round of 16,Paul Goldstein,Francisco Clavet,46-763-62
Delray Beach,2000.02.28,Round of 16,Alex Calatrava,Mike Bryan,61-64
Delray Beach,2000.02.28,Round of 16,Richard Fromberg,Andrew Ilie,64-64
Delray Beach,2000.02.28,Round of 16,Justin Gimelstob,Cecil Mamiit,672-61-64
Delray Beach,2000.02.28,Round of 16,Andre Sa,Xavier Malisse,36-62-768
Delray Beach,2000.02.28,Round of 32,Patrick Rafter,Hernan Gumy,61-46-64
Delray Beach,2000.02.28,Round of 32,Justin Gimelstob,Karim Alami,60-57-763
Delray Beach,2000.02.28,Round of 32,Alex Calatrava,Mariano Zabaleta,677-63-62
Delray Beach,2000.02.28,Round of 32,Chris Woodruff,Michel Kratochvil,46-763-62
Delray Beach,2000.02.28,Round of 32,Stefan Koubek,Byron Black,61-64
Delray Beach,2000.02.28,Round of 32,Andrew Ilie,Michael Chang,64-64
Delray Beach,2000.02.28,Round of 32,Francisco Clavet,Mark Woodforde,672-61-64
Delray Beach,2000.02.28,Round of 32,Mike Bryan,Andrea Gaudenzi,36-62-768
Delray Beach,2000.02.28,Round of 32,Richard Fromberg,Jonathan Stark,64-26-762
Delray Beach,2000.02.28,Round of 32,Jan-Michael Gambill,Julian Alonso,60-675-64
Delray Beach,2000.02.28,Round of 32,Paul Goldstein,Andrei Pavel,766-64
Delray Beach,2000.02.28,Round of 32,Markus Hipfl,Paradorn Srichaphan,60-46-765
Delray Beach,2000.02.28,Round of 32,Xavier Malisse,John van Lottum,64-30-(RET)
Delray Beach,2000.02.28,Round of 32,Cecil Mamiit,Max Mirnyi,760-46-63
Delray Beach,2000.02.28,Round of 32,Andre Sa,Jimy Szymanski,36-63-62
Delray Beach,2000.02.28,Round of 32,Laurence Tieleman,Andy Roddick,766-75
"Shanghai, China",2023.10.04,Final,Hubert Hurkacz,Andrey Rublev,63-36-768
"Shanghai, China",2023.10.04,Semifinals,Andrey Rublev,Grigor Dimitrov,63-36-768
"Shanghai, China",2023.10.04,Semifinals,Hubert Hurkacz,Sebastian Korda,63-64
"Shanghai, China",2023.10.04,Quarterfinals,Andrey Rublev,Ugo Humbert,63-36-768
"Shanghai, China",2023.10.04,Quarterfinals,Hubert Hurkacz,Fabian Marozsan,63-64
"Shanghai, China",2023.10.04,Quarterfinals,Grigor Dimitrov,Nicolas Jarry,46-61-63
"Shanghai, China",2023.10.04,Quarterfinals,Sebastian Korda,Ben Shelton,6710-62-766
"Shanghai, China",2023.10.04,Round of 16,Grigor Dimitrov,Carlos Alcaraz,63-36-768
"Shanghai, China",2023.10.04,Round of 16,Andrey Rublev,Tommy Paul,63-64
"Shanghai, China",2023.10.04,Round of 16,Ben Shelton,Jannik Sinner,46-61-63
"Shanghai, China",2023.10.04,Round of 16,Fabian Marozsan,Casper Ruud,6710-62-766
"Shanghai, China",2023.10.04,Round of 16,Hubert Hurkacz,Zhizhen Zhang,75-75
"Shanghai, China",2023.10.04,Round of 16,Sebastian Korda,Francisco Cerundolo,763-36-64
"Shanghai, China",2023.10.04,Round of 16,Nicolas Jarry,Diego Schwartzman,75-766
"Shanghai, China",2023.10.04,Round of 16,Ugo Humbert,J.J. Wolf,61-62
"Shanghai, China",2023.10.04,Round of 32,Carlos Alcaraz,Daniel Evans,63-36-768
"Shanghai, China",2023.10.04,Round of 32,Sebastian Korda,Daniil Medvedev,63-64
"Shanghai, China",2023.10.04,Round of 32,Ugo Humbert,Stefanos Tsitsipas,46-61-63
"Shanghai, China",2023.10.04,Round of 32,Andrey Rublev,Adrian Mannarino,6710-62-766
"Shanghai, China",2023.10.04,Round of 32,Jannik Sinner,Sebastian Baez,75-75
"Shanghai, China",2023.10.04,Round of 32,Diego Schwartzman,Taylor Fritz,763-36-64
"Shanghai, China",2023.10.04,Round of 32,Casper Ruud,Christopher Eubanks,75-766
"Shanghai, China",2023.10.04,Round of 32,Tommy Paul,Arthur Fils,61-62
"Shanghai, China",2023.10.04,Round of 32,Grigor Dimitrov,Karen Khachanov,768-62
"Shanghai, China",2023.10.04,Round of 32,Hubert Hurkacz,Yu Hsiou Hsu,63-60
"Shanghai, China",2023.10.04,Round of 32,Ben Shelton,Roman Safiullin,64-36-765
"Shanghai, China",2023.10.04,Round of 32,Francisco Cerundolo,Marton Fucsovics,64-677-64
"Shanghai, China",2023.10.04,Round of 32,Nicolas Jarry,Lorenzo Sonego,64-64
"Shanghai, China",2023.10.04,Round of 32,Fabian Marozsan,Dusan Lajovic,36-64-75
"Shanghai, China",2023.10.04,Round of 32,J.J. Wolf,Matteo Arnaldi,63-63
"Shanghai, China",2023.10.04,Round of 32,Zhizhen Zhang,Brandon Nakashima,762-62
"Shanghai, China",2023.10.04,Round of 64,Carlos Alcaraz,Gregoire Barrere,63-36-768
"Shanghai, China",2023.10.04,Round of 64,Daniil Medvedev,Cristian Garin,63-64
"Shanghai, China",2023.10.04,Round of 64,Brandon Nakashima,Holger Rune,46-61-63
"Shanghai, China",2023.10.04,Round of 64,Stefanos Tsitsipas,Rinky Hijikata,6710-62-766
"Shanghai, China",2023.10.04,Round of 64,Andrey Rublev,Quentin Halys,75-75
"Shanghai, China",2023.10.04,Round of 64,Jannik Sinner,Marcos Giron,763-36-64
"Shanghai, China",2023.10.04,Round of 64,Taylor Fritz,Yosuke Watanuki,75-766
"Shanghai, China",2023.10.04,Round of 64,Casper Ruud,Yoshihito Nishioka,61-62
"Shanghai, China",2023.10.04,Round of 64,Roman Safiullin,Alexander Zverev,768-62
"Shanghai, China",2023.10.04,Round of 64,Lorenzo Sonego,Frances Tiafoe,63-60
"Shanghai, China",2023.10.04,Round of 64,Fabian Marozsan,Alex de Minaur,64-36-765
"Shanghai, China",2023.10.04,Round of 64,Tommy Paul,Sebastian Ofner,64-677-64
"Shanghai, China",2023.10.04,Round of 64,Karen Khachanov,Beibit Zhukayev,64-64
"Shanghai, China",2023.10.04,Round of 64,Marton Fucsovics,Felix Auger-Aliassime,36-64-75
"Shanghai, China",2023.10.04,Round of 64,J.J. Wolf,Cameron Norrie,63-63
"Shanghai, China",2023.10.04,Round of 64,Hubert Hurkacz,Thanasi Kokkinakis,762-62
"Shanghai, China",2023.10.04,Round of 64,Yu Hsiou Hsu,Lorenzo Musetti,63-63
"Shanghai, China",2023.10.04,Round of 64,Grigor Dimitrov,Aleksandar Vukic,64-62
"Shanghai, China",2023.10.04,Round of 64,Ben Shelton,Jaume Munar,767-62
"Shanghai, China",2023.10.04,Round of 64,Francisco Cerundolo,Mackenzie McDonald,75-60
"Shanghai, China",2023.10.04,Round of 64,Matteo Arnaldi,Jan-Lennard Struff,26-62-63
"Shanghai, China",2023.10.04,Round of 64,Nicolas Jarry,Terence Atmane,63-60
"Shanghai, China",2023.10.04,Round of 64,Dusan Lajovic,Tallon Griekspoor,763-46-63
"Shanghai, China",2023.10.04,Round of 64,Arthur Fils,Alejandro Davidovich Fokina,765-64
"Shanghai, China",2023.10.04,Round of 64,Sebastian Baez,Dane Sweeny,64-63
"Shanghai, China",2023.10.04,Round of 64,Sebastian Korda,Yunchaokete Bu,764-765
"Shanghai, China",2023.10.04,Round of 64,Diego Schwartzman,Jiri Lehecka,75-62
"Shanghai, China",2023.10.04,Round of 64,Zhizhen Zhang,Tomas Martin Etcheverry,62-75
"Shanghai, China",2023.10.04,Round of 64,Christopher Eubanks,Yannick Hanfmann,61-64
"Shanghai, China",2023.10.04,Round of 64,Daniel Evans,Mikhail Kukushkin,46-63-64
"Shanghai, China",2023.10.04,Round of 64,Adrian Mannarino,Chun-Hsin Tseng,62-30-(RET)
"Shanghai, China",2023.10.04,Round of 64,Ugo Humbert,Botic van de Zandschulp,64-16-62
"Shanghai, China",2023.10.04,Round of 128,Matteo Arnaldi,Alexei Popyrin,63-36-768
"Shanghai, China",2023.10.04,Round of 128,Terence Atmane,Jordan Thompson,63-64
"Shanghai, China",2023.10.04,Round of 128,Gregoire Barrere,Nuno Borges,46-61-63
"Shanghai, China",2023.10.04,Round of 128,Yunchaokete Bu,Miomir Kecmanovic,6710-62-766
"Shanghai, China",2023.10.04,Round of 128,Arthur Fils,Pavel Kotov,75-75
"Shanghai, China",2023.10.04,Round of 128,Marton Fucsovics,Denis Yevseyev,763-36-64
"Shanghai, China",2023.10.04,Round of 128,Cristian Garin,Aleksandar Kovacevic,75-766
"Shanghai, China",2023.10.04,Round of 128,Marcos Giron,Daniel Elahi Galan,61-62
"Shanghai, China",2023.10.04,Round of 128,Quentin Halys,Aslan Karatsev,768-62
"Shanghai, China",2023.10.04,Round of 128,Yannick Hanfmann,James Duckworth,63-60
"Shanghai, China",2023.10.04,Round of 128,Rinky Hijikata,Laslo Djere,64-36-765
"Shanghai, China",2023.10.04,Round of 128,Yu Hsiou Hsu,Max Purcell,64-677-64
"Shanghai, China",2023.10.04,Round of 128,Thanasi Kokkinakis,Fabio Fognini,64-64
"Shanghai, China",2023.10.04,Round of 128,Mikhail Kukushkin,Alexandre Muller,36-64-75
"Shanghai, China",2023.10.04,Round of 128,Dusan Lajovic,Stan Wawrinka,63-63
"Shanghai, China",2023.10.04,Round of 128,Fabian Marozsan,Arthur Rinderknech,762-62
"Shanghai, China",2023.10.04,Round of 128,Mackenzie McDonald,Corentin Moutet,63-63
"Shanghai, China",2023.10.04,Round of 128,Jaume Munar,Rigele Te,64-62
"Shanghai, China",2023.10.04,Round of 128,Brandon Nakashima,Bernabe Zapata Miralles,767-62
"Shanghai, China",2023.10.04,Round of 128,Yoshihito Nishioka,Daniel Altmaier,75-60
"Shanghai, China",2023.10.04,Round of 128,Sebastian Ofner,Juan Pablo Varillas,26-62-63
"Shanghai, China",2023.10.04,Round of 128,Roman Safiullin,Andy Murray,63-60
"Shanghai, China",2023.10.04,Round of 128,Diego Schwartzman,Luca Van Assche,763-46-63
"Shanghai, China",2023.10.04,Round of 128,Lorenzo Sonego,Philip Sekulic,765-64
"Shanghai, China",2023.10.04,Round of 128,Dane Sweeny,Taro Daniel,64-63
"Shanghai, China",2023.10.04,Round of 128,Chun-Hsin Tseng,Alexander Shevchenko,764-765
"Shanghai, China",2023.10.04,Round of 128,Botic van de Zandschulp,Christopher O'Connell,75-62
"Shanghai, China",2023.10.04,Round of 128,Aleksandar Vukic,Roberto Carballes Baena,62-75
"Shanghai, China",2023.10.04,Round of 128,Yosuke Watanuki,Juncheng Shang,61-64
"Shanghai, China",2023.10.04,Round of 128,J.J. Wolf,Pedro Cachin,46-63-64
"Shanghai, China",2023.10.04,Round of 128,Zhizhen Zhang,Richard Gasquet,62-30-(RET)
"Shanghai, China",2023.10.04,Round of 128,Beibit Zhukayev,Stefano Napolitano,64-16-62
"Shanghai, China",2023.10.04,2nd Round Qualifying,Rinky Hijikata,Benjamin Lock,63-36-768
"Shanghai, China",2023.10.04,2nd Round Qualifying,Aleksandar Kovacevic,Li Tu,63-64
"Shanghai, China",2023.10.04,2nd Round Qualifying,James Duckworth,James McCabe,46-61-63
"Shanghai, China",2023.10.04,2nd Round Qualifying,Stefano Napolitano,Marc Polmans,6710-62-766
"Shanghai, China",2023.10.04,2nd Round Qualifying,Terence Atmane,Steven Diez,75-75
"Shanghai, China",2023.10.04,2nd Round Qualifying,Yu Hsiou Hsu,Fajing Sun,763-36-64
"Shanghai, China",2023.10.04,2nd Round Qualifying,Denis Yevseyev,Tung-Lin Wu,75-766
"Shanghai, China",2023.10.04,2nd Round Qualifying,Dane Sweeny,Seongchan Hong,61-62
"Shanghai, China",2023.10.04,2nd Round Qualifying,Mikhail Kukushkin,Luke Saville,768-62
"Shanghai, China",2023.10.04,2nd Round Qualifying,Philip Sekulic,Arthur Weber,63-60
"Shanghai, China",2023.10.04,2nd Round Qualifying,Chun-Hsin Tseng,Yasutaka Uchiyama,64-36-765
"Shanghai, China",2023.10.04,2nd Round Qualifying,Beibit Zhukayev,Dominik Palan,64-677-64
"Shanghai, China",2023.10.04,1st Round Qualifying,Rinky Hijikata,Marek Gengel,63-36-768
"Shanghai, China",2023.10.04,1st Round Qualifying,Aleksandar Kovacevic,Alexey Zakharov,63-64
"Shanghai, China",2023.10.04,1st Round Qualifying,James Duckworth,Mikalai Haliak,46-61-63
"Shanghai, China",2023.10.04,1st Round Qualifying,Marc Polmans,Alibek Kachmazov,6710-62-766
"Shanghai, China",2023.10.04,1st Round Qualifying,Terence Atmane,Hiroki Moriya,75-75
"Shanghai, China",2023.10.04,1st Round Qualifying,Arthur Weber,Sho Shimabukuro,763-36-64
"Shanghai, China",2023.10.04,1st Round Qualifying,Dominik Palan,Lloyd Harris,75-766
"Shanghai, China",2023.10.04,1st Round Qualifying,Luke Saville,Sumit Nagal,61-62
"Shanghai, China",2023.10.04,1st Round Qualifying,Yu Hsiou Hsu,Miljan Zekic,768-62
"Shanghai, China",2023.10.04,1st Round Qualifying,Tung-Lin Wu,Egor Gerasimov,63-60
"Shanghai, China",2023.10.04,1st Round Qualifying,Chun-Hsin Tseng,Shintaro Mochizuki,64-36-765
"Shanghai, China",2023.10.04,1st Round Qualifying,Seongchan Hong,Ergi Kirkin,64-677-64
"Shanghai, China",2023.10.04,1st Round Qualifying,Li Tu,Colin Sinclair,64-64
"Shanghai, China",2023.10.04,1st Round Qualifying,Yasutaka Uchiyama,Evgeny Donskoy,36-64-75
"Shanghai, China",2023.10.04,1st Round Qualifying,Beibit Zhukayev,Jason Jung,63-63
"Shanghai, China",2023.10.04,1st Round Qualifying,Mikhail Kukushkin,Tao Mu,762-62
"Shanghai, China",2023.10.04,1st Round Qualifying,Philip Sekulic,Kaichi Uchida,63-63
"Shanghai, China",2023.10.04,1st Round Qualifying,Stefano Napolitano,Omar Jasika,64-62
"Shanghai, China",2023.10.04,1st Round Qualifying,Dane Sweeny,Hanwen Li,767-62
"Shanghai, China",2023.10.04,1st Round Qualifying,Denis Yevseyev,Yi Zhou,75-60
"Shanghai, China",2023.10.04,1st Round Qualifying,James McCabe,Linang Xiao,26-62-63
"Shanghai, China",2023.10.04,1st Round Qualifying,Steven Diez,Nam Hoang Ly,63-60
"Shanghai, China",2023.10.04,1st Round Qualifying,Benjamin Lock,Lorenzo Giustino,763-46-63
"Shanghai, China",2023.10.04,1st Round Qualifying,Fajing Sun,Alex Bolt,765-64
"Tokyo, Japan",2023.10.16,Round of 32,Tommy Paul,Daniel Altmaier,36-61-63
"Tokyo, Japan",2023.10.16,Round of 32,Jordan Thompson,Alexander Zverev,763-672-62
"Tokyo, Japan",2023.10.16,Round of 32,Felix Auger-Aliassime,Aleksandar Vukic,75-64
"Tokyo, Japan",2023.10.16,Round of 32,Marcos Giron,Yoshihito Nishioka,57-63-62
"Tokyo, Japan",2023.10.16,Round of 32,Mackenzie McDonald,Max Purcell,61-60
"Tokyo, Japan",2023.10.16,Round of 32,Sebastian Ofner,Christopher O'Connell,64-75
"Tokyo, Japan",2023.10.16,2nd Round Qualifying,Cristian Garin,Rinky Hijikata,36-61-63
"Tokyo, Japan",2023.10.16,2nd Round Qualifying,Marcos Giron,Yasutaka Uchiyama,763-672-62
"Tokyo, Japan",2023.10.16,2nd Round Qualifying,Jack Draper,Jurij Rodionov,75-64
"Tokyo, Japan",2023.10.16,2nd Round Qualifying,Taro Daniel,Rio Noguchi,57-63-62
"Tokyo, Japan",2023.10.16,1st Round Qualifying,Rinky Hijikata,Naoki Nakagawa,36-61-63
"Tokyo, Japan",2023.10.16,1st Round Qualifying,Marcos Giron,Kaichi Uchida,763-672-62
"Tokyo, Japan",2023.10.16,1st Round Qualifying,Jack Draper,Yuta Shimizu,75-64
"Tokyo, Japan",2023.10.16,1st Round Qualifying,Taro Daniel,Jason Jung,57-63-62
"Tokyo, Japan",2023.10.16,1st Round Qualifying,Cristian Garin,Philip Sekulic,61-60
"Tokyo, Japan",2023.10.16,1st Round Qualifying,Jurij Rodionov,Hiroki Moriya,64-75
"Tokyo, Japan",2023.10.16,1st Round Qualifying,Yasutaka Uchiyama,Brandon Nakashima,64-64
"Tokyo, Japan",2023.10.16,1st Round Qualifying,Rio Noguchi,Tung-Lin Wu,763-63
"Stockholm, Sweden",2023.10.16,Round of 32,Elias Ymer,Roberto Bautista Agut,64-64
"Stockholm, Sweden",2023.10.16,Round of 32,Dino Prizmic,Jiri Lehecka,64-62
"Stockholm, Sweden",2023.10.16,Round of 32,Miomir Kecmanovic,Karl Friberg,764-673-63
"Stockholm, Sweden",2023.10.16,Round of 32,Lorenzo Sonego,Dusan Lajovic,63-63
"Stockholm, Sweden",2023.10.16,2nd Round Qualifying,Dino Prizmic,Tomas Machac,64-64
"Stockholm, Sweden",2023.10.16,2nd Round Qualifying,Pavel Kotov,Otto Virtanen,64-62
"Stockholm, Sweden",2023.10.16,2nd Round Qualifying,Filip Misolic,Liam Broady,764-673-63
"Stockholm, Sweden",2023.10.16,2nd Round Qualifying,Benjamin Hassan,Radu Albot,63-63
"Stockholm, Sweden",2023.10.16,1st Round Qualifying,Tomas Machac,Duje Ajdukovic,64-64
"Stockholm, Sweden",2023.10.16,1st Round Qualifying,Pavel Kotov,Vitaliy Sachko,64-62
"Stockholm, Sweden",2023.10.16,1st Round Qualifying,Liam Broady,Sebastian Eriksson,764-673-63
"Stockholm, Sweden",2023.10.16,1st Round Qualifying,Radu Albot,Jonathan Mridha,63-63
"Stockholm, Sweden",2023.10.16,1st Round Qualifying,Otto Virtanen,Damir Dzumhur,64-64
"Stockholm, Sweden",2023.10.16,1st Round Qualifying,Dino Prizmic,Timofey Skatov,46-63-64
"Stockholm, Sweden",2023.10.16,1st Round Qualifying,Benjamin Hassan,Andrea Vavassori,64-672-763
"Stockholm, Sweden",2023.10.16,1st Round Qualifying,Filip Misolic,Leandro Riedi,675-765-765
"Antwerp, Belgium",2023.10.16,Round of 32,David Goffin,Quentin Halys,64-61
"Antwerp, Belgium",2023.10.16,Round of 32,Gregoire Barrere,Daniel Elahi Galan,767-64
"Antwerp, Belgium",2023.10.16,Round of 32,Hugo Gaston,Arthur Rinderknech,75-75
"Antwerp, Belgium",2023.10.16,Round of 32,Mark Lajal,Jaume Munar,64-75
"Antwerp, Belgium",2023.10.16,2nd Round Qualifying,Benjamin Bonzi,Giulio Zeppieri,64-61
"Antwerp, Belgium",2023.10.16,2nd Round Qualifying,Maximilian Marterer,Titouan Droguet,767-64
"Antwerp, Belgium",2023.10.16,2nd Round Qualifying,Alexander Blockx,Gilles Arnaud Bailly,75-75
"Antwerp, Belgium",2023.10.16,2nd Round Qualifying,Giovanni Mpetshi Perricard,Gauthier Onclin,64-75
"Antwerp, Belgium",2023.10.16,1st Round Qualifying,Benjamin Bonzi,Oscar Otte,64-61
"Antwerp, Belgium",2023.10.16,1st Round Qualifying,Alexander Blockx,Hamad Medjedovic,767-64
"Antwerp, Belgium",2023.10.16,1st Round Qualifying,Gauthier Onclin,Maxime Cressy,75-75
"Antwerp, Belgium",2023.10.16,1st Round Qualifying,Maximilian Marterer,Gijs Brouwer,64-75
"Antwerp, Belgium",2023.10.16,1st Round Qualifying,Giulio Zeppieri,Hugo Grenier,61-62
"Antwerp, Belgium",2023.10.16,1st Round Qualifying,Gilles Arnaud Bailly,Pablo Llamas Ruiz,62-16-761
"Antwerp, Belgium",2023.10.16,1st Round Qualifying,Giovanni Mpetshi Perricard,Antoine Escoffier,63-64
"Antwerp, Belgium",2023.10.16,1st Round Qualifying,Titouan Droguet,Zizou Bergs,61-764
